Model,Accuracy,Precision,Recall,F1,F2,AUC
Logistic Regression,0.7405913978494624,0.17277486910994763,0.4852941176470588,0.2548262548262548,0.3563714902807775,0.6739253393665159
XGBoost,0.4946236559139785,0.10714285714285714,0.6176470588235294,0.1826086956521739,0.31626506024096385,0.5710929342151062
Decision Tree,0.8387096774193549,0.175,0.20588235294117646,0.1891891891891892,0.19886363636363635,0.5516228680821442
Gradient Boosting,0.8561827956989247,0.2,0.19117647058823528,0.19548872180451127,0.19287833827893175,0.5993517229376958
Random Forest,0.8629032258064516,0.19642857142857142,0.16176470588235295,0.1774193548387097,0.1676829268292683,0.5901496693351898
