Model,Accuracy,Precision,Recall,F1,F2,AUC
Logistic Regression,0.7473118279569892,0.06951871657754011,0.48148148148148145,0.12149532710280374,0.22033898305084745,0.7128725657317011
Gradient Boosting,0.9274193548387096,0.15384615384615385,0.2222222222222222,0.18181818181818182,0.20408163265306123,0.6470892091533654
XGBoost,0.5618279569892473,0.04833836858006042,0.5925925925925926,0.0893854748603352,0.18223234624145787,0.5780773800299602
Decision Tree,0.8118279569892473,0.05511811023622047,0.25925925925925924,0.09090909090909091,0.14893617021276595,0.5890025311224754
Random Forest,0.9422043010752689,0.05555555555555555,0.037037037037037035,0.044444444444444446,0.03968253968253968,0.544423782220156
