Feature Set,Model,Accuracy,Precision,Recall,F1,AUC
Admissions Only,Logistic Regression,0.678763440860215,0.14351851851851852,0.36470588235294116,0.2059800664451827,0.6269302865303936
Admissions Only,Random Forest,0.8454301075268817,0.2222222222222222,0.1411764705882353,0.17266187050359713,0.6093010800678389
Admissions Only,Gradient Boosting,0.8172043010752689,0.21348314606741572,0.2235294117647059,0.21839080459770116,0.6200749799160938
Admissions Only,XGBoost,0.842741935483871,0.2037037037037037,0.12941176470588237,0.15827338129496402,0.594903150941712
Admissions + Year 1,Logistic Regression,0.9161490683229814,0.624,0.9176470588235294,0.7428571428571429,0.978806692623382
Admissions + Year 1,Random Forest,0.967391304347826,0.9102564102564102,0.8352941176470589,0.8711656441717791,0.9718720404082921
Admissions + Year 1,Gradient Boosting,0.9736024844720497,0.9358974358974359,0.8588235294117647,0.8957055214723927,0.9808797221929917
Admissions + Year 1,XGBoost,0.9627329192546584,0.8860759493670886,0.8235294117647058,0.8536585365853658,0.9676102283489424
