Model,Accuracy,Precision,Recall,F1,AUC
Logistic Regression,0.718944099378882,0.12435233160621761,0.6666666666666666,0.2096069868995633,0.7458881578947368
Random Forest,0.8866459627329193,0.12244897959183673,0.16666666666666666,0.1411764705882353,0.7635462353801169
Gradient Boosting,0.8369565217391305,0.08433734939759036,0.19444444444444445,0.11764705882352941,0.7147523757309941
