Model,Accuracy,Precision,Recall,F1,F2,AUC
XGBoost,0.5161290322580645,0.11375661375661375,0.6323529411764706,0.19282511210762332,0.33076923076923076,0.5890184476157326
Logistic Regression,0.7728494623655914,0.1564625850340136,0.3382352941176471,0.21395348837209302,0.2744630071599045,0.6325922380786634
Decision Tree,0.7862903225806451,0.15789473684210525,0.3088235294117647,0.208955223880597,0.25925925925925924,0.6408044726766446
Gradient Boosting,0.8682795698924731,0.1875,0.1323529411764706,0.15517241379310345,0.140625,0.6082165854507483
Random Forest,0.864247311827957,0.14893617021276595,0.10294117647058823,0.12173913043478261,0.109717868338558,0.5812412982944657
