Model,Accuracy,Precision,Recall,F1,F2,AUC
Logistic Regression,0.7674731182795699,0.0898876404494382,0.5925925925925926,0.15609756097560976,0.27972027972027974,0.7338447233844724
Gradient Boosting,0.9408602150537635,0.18518518518518517,0.18518518518518517,0.18518518518518517,0.18518518518518517,0.6567746267885739
XGBoost,0.5833333333333334,0.04792332268370607,0.5555555555555556,0.08823529411764706,0.17814726840855108,0.647166692494447
Decision Tree,0.8091397849462365,0.061068702290076333,0.2962962962962963,0.10126582278481013,0.16736401673640167,0.6143395836561806
Random Forest,0.9529569892473119,0.25,0.14814814814814814,0.18604651162790697,0.16129032258064516,0.6026137713724882
