Model,Accuracy,Precision,Recall,F1,AUC
Random Forest,0.8858501783590963,0.2268041237113402,0.5116279069767442,0.3142857142857143,0.8137640613160809
Gradient Boosting,0.8573127229488704,0.20155038759689922,0.6046511627906976,0.3023255813953488,0.8085912455557498
Logistic Regression,0.7479191438763377,0.13733905579399142,0.7441860465116279,0.2318840579710145,0.8500029142624003
